[
  {
    "tableId": "1",
    "orders": [
      {
        "id": "p1",
        "name": "Türk Kahvesi",
        "price": 35,
        "qty": 1
      }
    ],
    "total": 39.55,
    "kdv": 2.8000000000000003,
    "servis": 1.75,
    "paymentMethod": "kart",
    "date": "2025-07-18T23:03:11.758Z"
  },
  {
    "tableId": "1",
    "orders": [
      {
        "id": "p1",
        "name": "Türk Kahvesi",
        "price": 35,
        "qty": 1
      }
    ],
    "total": 39.55,
    "kdv": 2.8000000000000003,
    "servis": 1.75,
    "paymentMethod": "nakit",
    "date": "2025-07-18T23:03:22.312Z"
  },
  {
    "tableId": "1",
    "orders": [
      {
        "id": "p1",
        "name": "Türk Kahvesi",
        "price": 35,
        "qty": 1
      }
    ],
    "total": 39.55,
    "kdv": 2.8000000000000003,
    "servis": 1.75,
    "paymentMethod": "kart",
    "date": "2025-07-18T23:03:55.217Z"
  },
  {
    "tableId": "1",
    "orders": [
      {
        "id": "p1",
        "name": "Türk Kahvesi",
        "price": 35,
        "qty": 1
      }
    ],
    "total": 39.55,
    "kdv": 2.8000000000000003,
    "servis": 1.75,
    "paymentMethod": "kart",
    "date": "2025-07-18T23:06:21.792Z"
  },
  {
    "tableId": "1",
    "orders": [
      {
        "id": "p1",
        "name": "Türk Kahvesi",
        "price": 35,
        "qty": 1
      }
    ],
    "total": 39.55,
    "kdv": 2.8000000000000003,
    "servis": 1.75,
    "paymentMethod": "kart",
    "date": "2025-07-19T00:25:03.889Z"
  },
  {
    "tableId": "1",
    "orders": [
      {
        "id": "p3",
        "name": "Tost",
        "price": 45,
        "qty": 1
      }
    ],
    "total": 50.85,
    "kdv": 3.6,
    "servis": 2.25,
    "paymentMethod": "kart",
    "date": "2025-07-19T00:30:39.360Z"
  },
  {
    "tableId": "1",
    "orders": [
      {
        "id": "1",
        "name": "Türk Kahvesi",
        "price": 35,
        "category": "Sıcak İçecekler",
        "qty": 1
      }
    ],
    "total": 39.55,
    "kdv": 2.8000000000000003,
    "servis": 1.75,
    "paymentMethod": "kart",
    "date": "2025-07-19T06:45:26.050Z"
  },
  {
    "tableId": "1",
    "orders": [
      {
        "id": "1",
        "name": "Türk Kahvesi",
        "price": 35,
        "category": "Sıcak İçecekler",
        "qty": 1
      }
    ],
    "total": 39.55,
    "kdv": 2.8000000000000003,
    "servis": 1.75,
    "paymentMethod": "kart",
    "date": "2025-07-19T06:45:49.407Z"
  },
  {
    "tableId": "1",
    "orders": [
      {
        "id": "1",
        "name": "Türk Kahvesi",
        "price": 35,
        "category": "Sıcak İçecekler",
        "qty": 1
      }
    ],
    "total": 39.55,
    "kdv": 2.8000000000000003,
    "servis": 1.75,
    "paymentMethod": "kart",
    "date": "2025-07-19T07:02:56.151Z"
  },
  {
    "tableId": "1",
    "orders": [
      {
        "id": "1",
        "name": "Türk Kahvesi",
        "price": 35,
        "category": "Sıcak İçecekler",
        "qty": 1
      }
    ],
    "total": 39.55,
    "kdv": 2.8000000000000003,
    "servis": 1.75,
    "paymentMethod": "kart",
    "date": "2025-07-19T07:03:24.855Z"
  },
  {
    "tableId": "1",
    "orders": [
      {
        "id": "1",
        "name": "Türk Kahvesi",
        "price": 35,
        "category": "Sıcak İçecekler",
        "qty": 1
      }
    ],
    "total": 39.55,
    "kdv": 2.8000000000000003,
    "servis": 1.75,
    "paymentMethod": "kart",
    "date": "2025-07-19T07:03:45.829Z"
  },
  {
    "tableId": "1",
    "orders": [
      {
        "id": "1",
        "name": "Türk Kahvesi",
        "price": 35,
        "category": "Sıcak İçecekler",
        "qty": 1
      }
    ],
    "total": 39.55,
    "kdv": 2.8000000000000003,
    "servis": 1.75,
    "paymentMethod": "kart",
    "date": "2025-07-19T08:00:58.050Z"
  },
  {
    "tableId": "1",
    "orders": [
      {
        "id": "2",
        "name": "Meyve Suyu",
        "price": 25,
        "category": "Soğuk İçecekler",
        "qty": 1
      }
    ],
    "total": 28.25,
    "kdv": 2,
    "servis": 1.25,
    "paymentMethod": "nakit",
    "date": "2025-07-19T08:01:04.478Z"
  }
]